latitude,longitude,date,species
40.397835,-3.6080997,2016-10-08 08:59:19.820000+00:00,"{'edited_user_notes': 'Esta foto parece ser de otra especie de mosquito, ya que no se parece ni al mosquito tigre ni al mosquito de la fiebre amarilla. Lo más probable es que se trate de Culex pipiens, el mosquito común. En www.mosquitoalert.com encontrarás trucos para reconocer estas especies y atrapar y fotografiar estos insectos. ¡Envía más fotos!', 'photo_html': '<a href=""https://webserver.mosquitoalert.com/media/tigapics/d4fd0bc8-5165-4006-adc3-08bcd947aa64.jpg"" target=""_blank""><img src=""https://webserver.mosquitoalert.com/media/tigapics_popups/d4fd0bc8-5165-4006-adc3-08bcd947aa64.jpg""></a>', 'tiger_certainty_category': -2, 'aegypti_certainty_category': -2, 'score': -2, 'classification': 'none'}"
36.724327,-4.4355335,2016-11-12 10:55:13.360000+00:00,"{'edited_user_notes': 'La foto está un poco borrosa pero por la coloración marrón probablemente no se trate de un mosquito tigre. Podría ser un mosquito común (Culex pipiens), y lo que es seguro es que lleva sangre a medio digerir en el abdomen, qué interesante! Gracias por participar!', 'photo_html': '<a href=""https://webserver.mosquitoalert.com/media/tigapics/cd1fcb47-9bc4-453e-84bd-317cc8d8935b.jpg"" target=""_blank""><img src=""https://webserver.mosquitoalert.com/media/tigapics_popups/cd1fcb47-9bc4-453e-84bd-317cc8d8935b.jpg""></a>', 'tiger_certainty_category': -1, 'aegypti_certainty_category': -1, 'score': -1, 'classification': 'none'}"
37.402786,-5.948277,2016-06-25 12:56:46.530000+00:00,"{'edited_user_notes': 'Nota experta:\r\nHola, gracias por el interés, tiene pinta de ser un mosquito común del género Culex que efectivamente tiene el cuerpo rayado pero de una tonalidad más marrón. EL mosquito tigre es más negro y su abdomen acaba más en punta. Gracias por usar la aplicación. ', 'photo_html': '<a href=""https://webserver.mosquitoalert.com/media/tigapics/ae4e41ed-daba-413a-a2d8-c04c9e287d89.jpg"" target=""_blank""><img src=""https://webserver.mosquitoalert.com/media/tigapics_popups/ae4e41ed-daba-413a-a2d8-c04c9e287d89.jpg""></a>', 'tiger_certainty_category': -2, 'aegypti_certainty_category': -2, 'score': -2, 'classification': 'none'}"
41.96571,2.8284302,2016-03-09 01:23:45.960000+00:00,"{'edited_user_notes': 'Nota experta:\r\nparece un mosquito común: Culex pipiens.\r\nGracias por participar utilizando la app', 'photo_html': '<a href=""https://webserver.mosquitoalert.com/media/tigapics/f82160b8-c07c-45f6-bd29-3ffd77d8bb8d.jpg"" target=""_blank""><img src=""https://webserver.mosquitoalert.com/media/tigapics_popups/f82160b8-c07c-45f6-bd29-3ffd77d8bb8d.jpg""></a>', 'tiger_certainty_category': -2, 'aegypti_certainty_category': -2, 'score': -2, 'classification': 'none'}"
36.72432,-4.435694,2016-10-31 14:03:02.190000+00:00,"{'edited_user_notes': 'Gracias por participar,\r\npor la coloración no se trata de un mosquito tigre, probablemente se trate de algún mosquito común del género Culex.\r\nGracias por enviar tus fotos, la información nos es muy útil!', 'photo_html': '<a href=""https://webserver.mosquitoalert.com/media/tigapics/8095379a-67f6-46d0-bf31-e0a29172532d.jpg"" target=""_blank""><img src=""https://webserver.mosquitoalert.com/media/tigapics_popups/8095379a-67f6-46d0-bf31-e0a29172532d.jpg""></a>', 'tiger_certainty_category': -2, 'aegypti_certainty_category': -2, 'score': -2, 'classification': 'none'}"
41.64824,2.736592,2016-08-13 22:56:23.938000+00:00,"{'edited_user_notes': 'Su coloración nos asegura que no se trata de un mosquito tigre, será probablemente del género Culex pero no podemos asegurar la especie debido a que la foto está un poco borrosa. Gracias por participar.', 'photo_html': '<a href=""https://webserver.mosquitoalert.com/media/tigapics/49f2167b-d22e-4cdd-84b9-08674b02fb00.jpg"" target=""_blank""><img src=""https://webserver.mosquitoalert.com/media/tigapics_popups/49f2167b-d22e-4cdd-84b9-08674b02fb00.jpg""></a>', 'tiger_certainty_category': -2, 'aegypti_certainty_category': -2, 'score': -2, 'classification': 'none'}"
43.49849,-7.093051,2016-08-12 20:05:28.261000+00:00,"{'edited_user_notes': 'Se trata de un mosquito pero de la especie Culex pipiens, un mosquito común. Es un mosquito de coloración marrón a diferencia del mosquito tigre que es negro.Gracias por el interés y por participar!', 'photo_html': '<a href=""https://webserver.mosquitoalert.com/media/tigapics/091309c8-22fa-4c8e-8ae2-9c4e6f92c17a.jpg"" target=""_blank""><img src=""https://webserver.mosquitoalert.com/media/tigapics_popups/091309c8-22fa-4c8e-8ae2-9c4e6f92c17a.jpg""></a>', 'tiger_certainty_category': -2, 'aegypti_certainty_category': -2, 'score': -2, 'classification': 'none'}"
39.645317,2.775616,2016-05-31 06:45:25.770000+00:00,"{'edited_user_notes': 'Nota experto: Se trata de otra especie de mosquito, tal vez un Culex pipiens, aunque no se aprecia muy bien. Lo que es seguro es que no es un mosquito tigre. En esa misma calle se detectaron también adultos de Culex pipiens y varias larvas de esta misma especie. Gracias por la participación!! ', 'photo_html': '<a href=""https://webserver.mosquitoalert.com/media/tigapics/9df5115b-717c-4e06-8f06-43c955b1043b.jpg"" target=""_blank""><img src=""https://webserver.mosquitoalert.com/media/tigapics_popups/9df5115b-717c-4e06-8f06-43c955b1043b.jpg""></a>', 'tiger_certainty_category': -2, 'aegypti_certainty_category': -2, 'score': -2, 'classification': 'none'}"
39.9436,-0.064983,2016-05-16 07:16:47.480000+00:00,"{'edited_user_notes': 'Nota experta:\r\nParece un mosquito común Culex pipiens. Son más marrones y con bandas doradas en el abdomen.\r\nGracias por participar y utilizar a aplicación', 'photo_html': '<a href=""https://webserver.mosquitoalert.com/media/tigapics/68d5d43d-d616-4e09-b1d4-e3be5b69912e.jpg"" target=""_blank""><img src=""https://webserver.mosquitoalert.com/media/tigapics_popups/68d5d43d-d616-4e09-b1d4-e3be5b69912e.jpg""></a>', 'tiger_certainty_category': -2, 'aegypti_certainty_category': -2, 'score': -2, 'classification': 'none'}"
41.47329,2.084138,2016-03-06 19:12:51.480000+00:00,"{'edited_user_notes': 'Nota experto: Se trata de otro mosquito, tal vez un Culex pipiens. Gracias por el aporte!', 'photo_html': '<a href=""https://webserver.mosquitoalert.com/media/tigapics/76fe9876-4d39-4030-835b-9b24bcadaf37.jpg"" target=""_blank""><img src=""https://webserver.mosquitoalert.com/media/tigapics_popups/76fe9876-4d39-4030-835b-9b24bcadaf37.jpg""></a>', 'tiger_certainty_category': -2, 'aegypti_certainty_category': -2, 'score': -2, 'classification': 'none'}"
39.504517,-0.363889,2016-06-08 23:09:05.010000+00:00,"{'edited_user_notes': 'Nota experto: Se trata de otra especie de mosquito, uno de la familia Culex. Muchas gracias por el aporte!', 'photo_html': '<a href=""https://webserver.mosquitoalert.com/media/tigapics/fee0d610-260f-42b6-80e2-70cdafa8076d.jpg"" target=""_blank""><img src=""https://webserver.mosquitoalert.com/media/tigapics_popups/fee0d610-260f-42b6-80e2-70cdafa8076d.jpg""></a>', 'tiger_certainty_category': -2, 'aegypti_certainty_category': -2, 'score': -2, 'classification': 'none'}"
41.47329,2.084138,2016-03-06 19:10:19.976000+00:00,"{'edited_user_notes': 'Nota experto: Se trata de otro mosquito, tal vez un Culex pipiens. Gracias por el aporte!', 'photo_html': '<a href=""https://webserver.mosquitoalert.com/media/tigapics/c03bc965-477c-4b03-8197-f832be1ecee1.jpg"" target=""_blank""><img src=""https://webserver.mosquitoalert.com/media/tigapics_popups/c03bc965-477c-4b03-8197-f832be1ecee1.jpg""></a>', 'tiger_certainty_category': -2, 'aegypti_certainty_category': -2, 'score': -2, 'classification': 'none'}"
41.305187,2.0005045,2016-06-15 20:21:46.130000+00:00,"{'edited_user_notes': 'Nota experto: Gracias por el interés y por usar la aplicación. No es un mosquito tigre sino un mosquito común, Culex pipiens. Posado en la pared en su descanso diurno, la próxima noche seguramente ya pondrá esos huevos que se ven en su abdomen distendido... esta os picó hace algunos días! Gracias de nuevo ', 'photo_html': '<a href=""https://webserver.mosquitoalert.com/media/tigapics/89efd585-ab34-4e74-b01c-ed3989f7cbe7.jpg"" target=""_blank""><img src=""https://webserver.mosquitoalert.com/media/tigapics_popups/89efd585-ab34-4e74-b01c-ed3989f7cbe7.jpg""></a>', 'tiger_certainty_category': -3, 'aegypti_certainty_category': -3, 'score': -3, 'classification': 'none'}"
40.329334,-3.769675,2016-02-06 11:39:49.964000+00:00,"{'edited_user_notes': 'Nota experto: Se trata de otra especie de mosquito, seguramente un Culex pipiens, que como comentas tiene una actividad nocturna. Gracias por el aporte!', 'photo_html': '<a href=""https://webserver.mosquitoalert.com/media/tigapics/53a1dd39-76a8-4957-b665-77f8d9244a65.jpg"" target=""_blank""><img src=""https://webserver.mosquitoalert.com/media/tigapics_popups/53a1dd39-76a8-4957-b665-77f8d9244a65.jpg""></a>', 'tiger_certainty_category': -2, 'aegypti_certainty_category': -2, 'score': -2, 'classification': 'none'}"
36.72432,-4.435694,2016-11-17 15:09:05.370000+00:00,"{'edited_user_notes': 'Nota experto: No se trata de un mosquito tigre, ya que no tiene rayas blancas ni en sus patas ni en el abdomen. Pero si que es otra especie de mosquito, concretamente el mosquito común Culex pipiens. Así que gracias por tu colaboración!', 'photo_html': '<a href=""https://webserver.mosquitoalert.com/media/tigapics/371df68d-3322-4fb9-be8c-b9c93af74173.jpg"" target=""_blank""><img src=""https://webserver.mosquitoalert.com/media/tigapics_popups/371df68d-3322-4fb9-be8c-b9c93af74173.jpg""></a>', 'tiger_certainty_category': -2, 'aegypti_certainty_category': -2, 'score': -2, 'classification': 'none'}"
41.95299,2.821082,2016-06-18 10:49:35.135000+00:00,"{'edited_user_notes': 'Nota experta: No es mosquito tigre, sino muy probablemente mosquito común, Culex pipiens. Gracias!', 'photo_html': '<a href=""https://webserver.mosquitoalert.com/media/tigapics/db5dbe13-c291-430f-ba81-ab62c9d5291c.jpg"" target=""_blank""><img src=""https://webserver.mosquitoalert.com/media/tigapics_popups/db5dbe13-c291-430f-ba81-ab62c9d5291c.jpg""></a>', 'tiger_certainty_category': -2, 'aegypti_certainty_category': -2, 'score': -2, 'classification': 'none'}"
36.58809,-4.570649,2016-05-15 06:43:14.171000+00:00,"{'edited_user_notes': 'Nota experto: Muy probablemente se trate de un mosquito tigre, aunque nos falta ver todas sus características morfológicas, como la línea blanca del tórax. En las piscinas abandonadas, si tienen mucha agua, no suele criar esta especie de mosquito, tal vez otras como el Culex pipiens. Y en arroyos tampoco se suele encontrar. Gracias por el aporte!', 'photo_html': '<a href=""https://webserver.mosquitoalert.com/media/tigapics/84001da9-8538-4110-9a9f-c61e2078b93c.jpg"" target=""_blank""><img src=""https://webserver.mosquitoalert.com/media/tigapics_popups/84001da9-8538-4110-9a9f-c61e2078b93c.jpg""></a>', 'tiger_certainty_category': 1, 'aegypti_certainty_category': -3, 'score': 1, 'classification': 'albopictus'}"
37.65937,-1.7101059,2016-03-16 00:42:36.590000+00:00,"{'edited_user_notes': 'Nota experta:\r\nGracias por participar, parece un mosquito común del género Culex, los mosquitos tigre son más oscuros y negruzcos con una marcadas manchas blancas en el cuerpo y las patas.', 'photo_html': '<a href=""https://webserver.mosquitoalert.com/media/tigapics/fb52b5b2-038f-4324-b317-61f4b9f64859.jpg"" target=""_blank""><img src=""https://webserver.mosquitoalert.com/media/tigapics_popups/fb52b5b2-038f-4324-b317-61f4b9f64859.jpg""></a>', 'tiger_certainty_category': -2, 'aegypti_certainty_category': -2, 'score': -2, 'classification': 'none'}"
38.35997,-0.486022,2016-08-31 23:12:06.130000+00:00,"{'edited_user_notes': 'Esta foto parece ser de otra especie de mosquito, ya que no se parece ni al mosquito tigre ni al mosquito de la fiebre amarilla. Más bien nos parece ser un mosquito común, Culex pipiens, de costumbres nocturnas, ¿puede ser? En www.mosquitoalert.com encontrarás trucos para reconocer estas especies y atrapar y fotografiar estos insectos. ¡Envía más fotos!', 'photo_html': '<a href=""https://webserver.mosquitoalert.com/media/tigapics/191ebd7f-5d76-4df8-a3b7-a0f69d1477a1.jpg"" target=""_blank""><img src=""https://webserver.mosquitoalert.com/media/tigapics_popups/191ebd7f-5d76-4df8-a3b7-a0f69d1477a1.jpg""></a>', 'tiger_certainty_category': -2, 'aegypti_certainty_category': -2, 'score': -2, 'classification': 'none'}"
39.637653,2.729554,2016-06-22 15:51:15.790000+00:00,"{'edited_user_notes': 'Nota experto: no se trata de un mosquito tigre,  y aunque la foto no sea muy buena parece que es un Culex. En esa zona de marratxi si que hemos detectado varios mosquitos tigre. Gracias por participar! ', 'photo_html': '<a href=""https://webserver.mosquitoalert.com/media/tigapics/8606158e-c391-402e-a271-c6ad35adf019.jpg"" target=""_blank""><img src=""https://webserver.mosquitoalert.com/media/tigapics_popups/8606158e-c391-402e-a271-c6ad35adf019.jpg""></a>', 'tiger_certainty_category': -2, 'aegypti_certainty_category': -2, 'score': -2, 'classification': 'none'}"
36.591927,-4.643083,2017-08-16 21:57:32.010000+00:00,"{'edited_user_notes': 'Esta foto parece ser de otra especie de mosquito, ya que no se parece ni al mosquito tigre ni al mosquito de la fiebre amarilla. Parece pertenecer al género Culex pero no nos atrevemos con la especie. En www.mosquitoalert.com encontrarás trucos para reconocer estas especies y atrapar y fotografiar estos insectos. ¡Envía más fotos!', 'photo_html': '<a href=""https://webserver.mosquitoalert.com/media/tigapics/72413c21-ec84-4238-afef-72f15040219e.jpg"" target=""_blank""><img src=""https://webserver.mosquitoalert.com/media/tigapics_popups/72413c21-ec84-4238-afef-72f15040219e.jpg""></a>', 'tiger_certainty_category': -2, 'aegypti_certainty_category': -2, 'score': -2, 'classification': 'none'}"
28.1492,-15.432389,2017-01-09 16:46:37.100000+00:00,"{'edited_user_notes': 'Gracias por participar! No se aprecian bien todas las características del mosquito y por ello no se puede saber segura de que especie se trata. Lo que sí está claro por la coloración es que no se trata de un mosquito tigre ya que éste último es negro con destacadas manchas blancas. Por lo que se puede apreciar en la imagen, efectivamente la probabilidad más elevada es para un Culex. Por cierto, ha tomado sangre hace pocos días, se puede ver en su abdomen ya coagulada en negro. De nuevo gracias por mostrar interés. ', 'photo_html': '<a href=""https://webserver.mosquitoalert.com/media/tigapics/ca956484-7ab9-4847-bb06-657fd0f93e1b.JPG"" target=""_blank""><img src=""https://webserver.mosquitoalert.com/media/tigapics_popups/ca956484-7ab9-4847-bb06-657fd0f93e1b.JPG""></a>', 'tiger_certainty_category': -2, 'aegypti_certainty_category': -2, 'score': -2, 'classification': 'none'}"
36.7294,-4.389405,2017-09-25 15:12:21.868000+00:00,"{'edited_user_notes': 'Nota experto: Se trata de otra especie de mosquito, no del mosquito tigre. Seguramente se trata de un macho de Culex. Gracias de todas maneras por tu colaboración!', 'photo_html': '<a href=""https://webserver.mosquitoalert.com/media/tigapics/0ec296a1-e88f-41a6-827a-59258ace050a.jpg"" target=""_blank""><img src=""https://webserver.mosquitoalert.com/media/tigapics_popups/0ec296a1-e88f-41a6-827a-59258ace050a.jpg""></a>', 'tiger_certainty_category': -2, 'aegypti_certainty_category': -2, 'score': -2, 'classification': 'none'}"
39.4641,-0.3558113,2017-04-21 10:39:35.865000+00:00,"{'edited_user_notes': 'Esta foto parece ser de otra especie de mosquito, ya que no se parece ni al mosquito tigre ni al mosquito de la fiebre amarilla. Concretamente tiene todo el aspecto de ser un Culex pipiens, el mosquito común, de costumbres nocturnas. En www.mosquitoalert.com encontrarás trucos para reconocer estas especies y atrapar y fotografiar estos insectos. ¡Envía más fotos!', 'photo_html': '<a href=""https://webserver.mosquitoalert.com/media/tigapics/1164f6ee-ac27-4979-84ba-a493d7f243a0.jpg"" target=""_blank""><img src=""https://webserver.mosquitoalert.com/media/tigapics_popups/1164f6ee-ac27-4979-84ba-a493d7f243a0.jpg""></a>', 'tiger_certainty_category': -2, 'aegypti_certainty_category': -2, 'score': -2, 'classification': 'none'}"
41.416820526123,2.22183418273926,2017-10-04 19:20:24.835000+00:00,"{'edited_user_notes': 'Esta foto es de otra especie de mosquito, ya que no se parece ni al mosquito tigre ni al mosquito de la fiebre amarilla. Posiblemente sea un Culex pippiens, aunque no se ve bien del todo. En www.mosquitoalert.com encontrarás trucos para reconocer estas especies y atrapar y fotografiar estos insectos. ¡Envía más fotos!', 'photo_html': '<a href=""https://webserver.mosquitoalert.com/media/tigapics/9e1cc4b0-8286-44ff-b7d5-ea327fd8fb49.jpg"" target=""_blank""><img src=""https://webserver.mosquitoalert.com/media/tigapics_popups/9e1cc4b0-8286-44ff-b7d5-ea327fd8fb49.jpg""></a>', 'tiger_certainty_category': -2, 'aegypti_certainty_category': -2, 'score': -2, 'classification': 'none'}"
41.283,1.9836034,2017-05-11 07:06:03.327000+00:00,"{'edited_user_notes': 'Esta foto parece ser de otra especie de mosquito, concretamente Culex pipiens o el mosquito común, que no se parece mucho ni al mosquito tigre ni al mosquito de la fiebre amarilla. Esta hembra, además, estaba grávida: esa tonalidad blanca del abdomen son los huevos que estaba acabando de madurar. En www.mosquitoalert.com encontrarás trucos para reconocer estas especies y atrapar y fotografiar estos insectos. ¡Envía más fotos!', 'photo_html': '<a href=""https://webserver.mosquitoalert.com/media/tigapics/103d59e9-2e21-4535-ab19-062bacd6075d.jpg"" target=""_blank""><img src=""https://webserver.mosquitoalert.com/media/tigapics_popups/103d59e9-2e21-4535-ab19-062bacd6075d.jpg""></a>', 'tiger_certainty_category': -2, 'aegypti_certainty_category': -2, 'score': -2, 'classification': 'none'}"
41.86303,12.546845,2017-10-30 08:25:04.387000+00:00,"{'edited_user_notes': ""This picture seems to be of another mosquito species, because it doesn't look like a tiger mosquito or a yellow fever mosquito. It belongs most probably to Culex pipiens, the common house mosquito. At www.mosquitoalert.com you will find tricks and tips for catching and photographing these insects. Please send more pictures!"", 'photo_html': '<a href=""https://webserver.mosquitoalert.com/media/tigapics/05c8f553-8350-4937-9e33-76680c64986e.jpg"" target=""_blank""><img src=""https://webserver.mosquitoalert.com/media/tigapics_popups/05c8f553-8350-4937-9e33-76680c64986e.jpg""></a>', 'tiger_certainty_category': -2, 'aegypti_certainty_category': -2, 'score': -2, 'classification': 'none'}"
40.39546,-3.701098,2017-04-21 09:53:20.539000+00:00,"{'edited_user_notes': 'Se trata con elevada probabilidad del mosquito común, Culex pipiens. Si fuera el caso y dado lo temprano de la época, probablemente habría que investigar si hay algún espacio subterráneo inundado permanentemente. Dentro de lo molesto de la situación, por lo menos no hay mosquito tigre aún en la Comunidad, lo que es un cierto consuelo! Muchas gracias por contribuir!', 'photo_html': '<a href=""https://webserver.mosquitoalert.com/media/tigapics/4e3c8932-4718-4de2-8253-febdd95639b2.jpg"" target=""_blank""><img src=""https://webserver.mosquitoalert.com/media/tigapics_popups/4e3c8932-4718-4de2-8253-febdd95639b2.jpg""></a>', 'tiger_certainty_category': -2, 'aegypti_certainty_category': -2, 'score': -2, 'classification': 'none'}"
40.330147,-3.7702384,2017-03-09 10:51:11.210000+00:00,"{'edited_user_notes': 'Probablemente un mosquito común, Culex pipiens. Gracias por participar!', 'photo_html': '<a href=""https://webserver.mosquitoalert.com/media/tigapics/efdd735b-a23d-4104-8c9e-153b7738010b.jpg"" target=""_blank""><img src=""https://webserver.mosquitoalert.com/media/tigapics_popups/efdd735b-a23d-4104-8c9e-153b7738010b.jpg""></a>', 'tiger_certainty_category': -2, 'aegypti_certainty_category': -2, 'score': -2, 'classification': 'none'}"
36.72641,-4.445374,2017-09-26 08:01:25.820000+00:00,"{'edited_user_notes': 'Nota experto: En la foto se aprecia un mosquito Culex, que no es un mosquito tigre. Es un mosquito muy común en la Península Ibérica, y de actividad noctura. Respecto a las trampas de luz, no son especialmente eficaces frente al mosquito tigre ya que éste mosquito es diurno y no se siente atraido por la luz UV. Gracias por tu colaboración!', 'photo_html': '<a href=""https://webserver.mosquitoalert.com/media/tigapics/6f3fa38d-9224-458f-a94f-70084c88033f.jpg"" target=""_blank""><img src=""https://webserver.mosquitoalert.com/media/tigapics_popups/6f3fa38d-9224-458f-a94f-70084c88033f.jpg""></a>', 'tiger_certainty_category': -2, 'aegypti_certainty_category': -2, 'score': -2, 'classification': 'none'}"
41.37653,2.142339,2017-01-22 11:09:21.591000+00:00,"{'edited_user_notes': 'Con esta foto no podemos asegurar totalmente que sea un Culex. No pueden verse simultáneamente suficientes rasgos, aunque algunas características del mosquito común están presentes. Aun así, tu observación sigue siendo muy útil. En www.mosquitoalert.com encontrarás trucos para atrapar y fotografiar estos insectos. ¡Envía más fotos!', 'photo_html': '<a href=""https://webserver.mosquitoalert.com/media/tigapics/bda910b9-2c89-42e4-949b-673b422b1ac5.jpg"" target=""_blank""><img src=""https://webserver.mosquitoalert.com/media/tigapics_popups/bda910b9-2c89-42e4-949b-673b422b1ac5.jpg""></a>', 'tiger_certainty_category': -2, 'aegypti_certainty_category': -2, 'score': -2, 'classification': 'none'}"
-8.106505,-79.03461,2017-05-03 03:15:17.860000+00:00,"{'edited_user_notes': 'El usuario nos comunica ""Atrapado el 21 de abril cerca de las 10 pm. Es de color marrón,  sin manchas ni lineas blancas. Al parecer pertenece al genero Culex."" No podemos estar más de acuerdo, aunque desde España debemos tomarnos con precaución la fauna americana de mosquitos, que no conocemos en profundidad. Gracias por los aportes!', 'photo_html': '<a href=""https://webserver.mosquitoalert.com/media/tigapics/caf2b83a-f57e-4e31-ba70-0cc70af7328b.jpg"" target=""_blank""><img src=""https://webserver.mosquitoalert.com/media/tigapics_popups/caf2b83a-f57e-4e31-ba70-0cc70af7328b.jpg""></a>', 'tiger_certainty_category': -1, 'aegypti_certainty_category': -1, 'score': -1, 'classification': 'none'}"
29.64847,-82.31717,2017-02-17 12:42:03.226000+00:00,"{'edited_user_notes': ""This picture seems to be of another mosquito species, because it doesn't look like a tiger mosquito or a yellow fever mosquito. This could belong to he Culex genus and it is interesting to see this female has already eggs in the abdomen! At www.mosquitoalert.com you will find tricks and tips for catching and photographing these insects. Please send more pictures!"", 'photo_html': '<a href=""https://webserver.mosquitoalert.com/media/tigapics/02d03ab0-527b-4b68-aa4d-58545a9d2c71.jpg"" target=""_blank""><img src=""https://webserver.mosquitoalert.com/media/tigapics_popups/02d03ab0-527b-4b68-aa4d-58545a9d2c71.jpg""></a>', 'tiger_certainty_category': -2, 'aegypti_certainty_category': -2, 'score': -2, 'classification': 'none'}"
39.56745,2.662876,2017-05-29 06:39:00.293000+00:00,"{'edited_user_notes': 'Nota experto: Seguramente se trate de un Culex pipiens, una especie muy común en Mallorca. Gracias por el informe porque en esa zona de Llevant no está muy muestreado el mosquito tigre! Te animamos a que lo sigas buscando!', 'photo_html': '<a href=""https://webserver.mosquitoalert.com/media/tigapics/eef2438f-16dc-4481-9e9c-9b4eb1076aa3.jpg"" target=""_blank""><img src=""https://webserver.mosquitoalert.com/media/tigapics_popups/eef2438f-16dc-4481-9e9c-9b4eb1076aa3.jpg""></a>', 'tiger_certainty_category': -2, 'aegypti_certainty_category': -2, 'score': -2, 'classification': 'none'}"
43.314285,-8.416048,2017-11-08 14:36:19.810000+00:00,"{'edited_user_notes': 'Esta foto parece ser de otra especie de mosquito del género culex, ya que no se parece ni al mosquito tigre ni al mosquito de la fiebre amarilla. En www.mosquitoalert.com encontrarás trucos para reconocer estas especies y atrapar y fotografiar estos insectos. ¡Envía más fotos! Pues es importante estar atentos para registrar su llegada.', 'photo_html': '<a href=""https://webserver.mosquitoalert.com/media/tigapics/35da969f-1365-451c-be48-a4fc50b9d274.jpg"" target=""_blank""><img src=""https://webserver.mosquitoalert.com/media/tigapics_popups/35da969f-1365-451c-be48-a4fc50b9d274.jpg""></a>', 'tiger_certainty_category': -2, 'aegypti_certainty_category': -2, 'score': -2, 'classification': 'none'}"
41.38669,2.0778193,2017-04-02 07:45:52.769000+00:00,"{'edited_user_notes': 'se trata de un mosquito común, probablemente del género Culex. \r\nGracias por participar', 'photo_html': '<a href=""https://webserver.mosquitoalert.com/media/tigapics/005d9b07-2880-4f86-954a-c234b3382ee3.jpg"" target=""_blank""><img src=""https://webserver.mosquitoalert.com/media/tigapics_popups/005d9b07-2880-4f86-954a-c234b3382ee3.jpg""></a>', 'tiger_certainty_category': -2, 'aegypti_certainty_category': -2, 'score': -2, 'classification': 'none'}"
36.75214,-4.071332,2017-09-30 07:13:56.688000+00:00,"{'edited_user_notes': 'Esta foto es de otra especie de mosquito, probablemente un Culex pipiens, ya que no se parece ni al mosquito tigre ni al mosquito de la fiebre amarilla. En www.mosquitoalert.com encontrarás trucos para reconocer estas especies y atrapar y fotografiar estos insectos. ¡Envía más fotos!', 'photo_html': '<a href=""https://webserver.mosquitoalert.com/media/tigapics/689e3ab5-8205-4c9b-a2f5-8bc6ce779217.jpg"" target=""_blank""><img src=""https://webserver.mosquitoalert.com/media/tigapics_popups/689e3ab5-8205-4c9b-a2f5-8bc6ce779217.jpg""></a>', 'tiger_certainty_category': -2, 'aegypti_certainty_category': -2, 'score': -2, 'classification': 'none'}"
42.70923,-2.9209964,2018-08-05 18:46:50.480000+00:00,"{'edited_user_notes': 'Esta foto parece ser de otra especie de mosquito, ya que no se parece ni al mosquito tigre ni al mosquito de la fiebre amarilla. Es un macho, ciertamente, pero parecería más bien de Culex.En www.mosquitoalert.com encontrarás trucos para reconocer estas especies y atrapar y fotografiar estos insectos. ¡Envía más fotos!', 'photo_html': '<a href=""https://webserver.mosquitoalert.com/media/tigapics/58a13856-ee04-43bc-8754-c1f935507875.jpg"" target=""_blank""><img src=""https://webserver.mosquitoalert.com/media/tigapics_popups/58a13856-ee04-43bc-8754-c1f935507875.jpg""></a>', 'tiger_certainty_category': -2, 'aegypti_certainty_category': -2, 'score': -2, 'classification': 'none'}"
40.4370231628418,-3.79488110542297,2018-06-23 10:29:06.521000+00:00,"{'edited_user_notes': 'Esta foto es de otra especie de mosquito, ya que no se parece ni al mosquito tigre ni al mosquito de la fiebre amarilla. Posiblemente se trate de un Culex, otra familia de mosquitos de costumbres nocturnas. En www.mosquitoalert.com encontrarás trucos para reconocer estas especies y atrapar y fotografiar estos insectos. ¡Envía más fotos!', 'photo_html': '<a href=""https://webserver.mosquitoalert.com/media/tigapics/623e9ffa-0e2a-4818-aa4e-99b505845a9e.jpg"" target=""_blank""><img src=""https://webserver.mosquitoalert.com/media/tigapics_popups/623e9ffa-0e2a-4818-aa4e-99b505845a9e.jpg""></a>', 'tiger_certainty_category': -2, 'aegypti_certainty_category': -2, 'score': -2, 'classification': 'none'}"
41.387093,2.0602095,2018-10-01 15:36:12.620000+00:00,"{'edited_user_notes': 'Esta foto parece ser de otra especie de mosquito, ya que no se parece ni al mosquito tigre ni al mosquito de la fiebre amarilla. Podría ser un mosquito común, Culex pipiens. En www.mosquitoalert.com encontrarás trucos para reconocer estas especies y atrapar y fotografiar estos insectos. ¡Envía más fotos!', 'photo_html': '<a href=""https://webserver.mosquitoalert.com/media/tigapics/6cd1338c-20a7-4458-8c29-6851dbe041f8.jpg"" target=""_blank""><img src=""https://webserver.mosquitoalert.com/media/tigapics_popups/6cd1338c-20a7-4458-8c29-6851dbe041f8.jpg""></a>', 'tiger_certainty_category': -2, 'aegypti_certainty_category': -2, 'score': -2, 'classification': 'none'}"
41.3878707885742,2.03967905044556,2018-01-10 17:39:21.121000+00:00,"{'edited_user_notes': 'Esta foto parece ser de otra especie de mosquito, ya que no se parece ni al mosquito tigre ni al mosquito de la fiebre amarilla. Diríamos que puede ser un mosquito común, Culex pipiens, que en esta época del año sólo puede haberse originado de aguas subterráneas (sótanos inundados, fosas sépticas, huecos del ascnesor...). En www.mosquitoalert.com encontrarás trucos para reconocer estas especies y atrapar y fotografiar estos insectos. ¡Envía más fotos!', 'photo_html': '<a href=""https://webserver.mosquitoalert.com/media/tigapics/c8f0c8d8-690b-403b-a469-5664b341b9a8.jpg"" target=""_blank""><img src=""https://webserver.mosquitoalert.com/media/tigapics_popups/c8f0c8d8-690b-403b-a469-5664b341b9a8.jpg""></a>', 'tiger_certainty_category': -2, 'aegypti_certainty_category': -2, 'score': -2, 'classification': 'none'}"
41.36146,2.0986872,2018-09-30 05:32:42.550000+00:00,"{'edited_user_notes': 'Esta foto parece ser de otra especie de mosquito, ya que no se parece ni al mosquito tigre ni al mosquito de la fiebre amarilla. Podria ser un Culex o una Culiseta. En www.mosquitoalert.com encontrarás trucos para reconocer estas especies y atrapar y fotografiar estos insectos. ¡Envía más fotos!', 'photo_html': '<a href=""https://webserver.mosquitoalert.com/media/tigapics/a0210dc4-c5ef-49aa-aebd-6d48fc9dd5e8.jpg"" target=""_blank""><img src=""https://webserver.mosquitoalert.com/media/tigapics_popups/a0210dc4-c5ef-49aa-aebd-6d48fc9dd5e8.jpg""></a>', 'tiger_certainty_category': -2, 'aegypti_certainty_category': -2, 'score': -2, 'classification': 'none'}"
41.30352,2.078656,2018-03-27 18:21:20.296000+00:00,"{'edited_user_notes': 'Nota experto: Definitivamente no se trata de un Aedes. Probablemente se trate de un Culex, debido a su coloración parduzca, pero es dificil clasificarlos con esta fotografía. Gracias por tu colaboración!', 'photo_html': '<a href=""https://webserver.mosquitoalert.com/media/tigapics/29fe9475-c614-4b42-8c6b-4a9409d0e252.jpg"" target=""_blank""><img src=""https://webserver.mosquitoalert.com/media/tigapics_popups/29fe9475-c614-4b42-8c6b-4a9409d0e252.jpg""></a>', 'tiger_certainty_category': -1, 'aegypti_certainty_category': -1, 'score': -1, 'classification': 'none'}"
40.462048,-3.4666128,2018-09-29 14:40:50.660000+00:00,"{'edited_user_notes': 'Esta foto parece ser de otra especie de mosquito, ya que no se parece ni al mosquito tigre ni al mosquito de la fiebre amarilla. Podría ser una hembra de mosquito común, Culex pipiens. Y lo que es seguro es que un par de días atrás se ha dado un festín con alguien: eso negro del abdomen es la sangre coagulada que os ha extraído! En www.mosquitoalert.com encontrarás trucos para reconocer estas especies y atrapar y fotografiar estos insectos. ¡Envía más fotos!', 'photo_html': '<a href=""https://webserver.mosquitoalert.com/media/tigapics/b313b41f-1fc2-42d0-a007-dad23c0fe98d.jpg"" target=""_blank""><img src=""https://webserver.mosquitoalert.com/media/tigapics_popups/b313b41f-1fc2-42d0-a007-dad23c0fe98d.jpg""></a>', 'tiger_certainty_category': -2, 'aegypti_certainty_category': -2, 'score': -2, 'classification': 'none'}"
41.4276924133301,2.1707067489624,2018-08-02 15:35:56.945000+00:00,"{'edited_user_notes': 'Esta foto es de otra especie de mosquito, ya que no se parece ni al mosquito tigre ni al mosquito de la fiebre amarilla. Parece más bien el mosquito común, Culex pipiens, y la descripción de los ataques lo confirma. El hecho de que esté presente en invierno es característico de sótanos u otros espacios subterráneos inundados, ya que sólo así las larvas encuentran la temperatura necesaria para desarrollarse. Habrá qu einvestigar el hueco del ascensor, cámara sanitaria, o sitios así.  En www.mosquitoalert.com encontrarás trucos para reconocer estas especies y atrapar y fotografiar estos insectos. ¡Envía más fotos!Por otro lado, para acabar con él, evita tener recipientes que acumulen agua, pues estos son sus puntos de cría.', 'photo_html': '<a href=""https://webserver.mosquitoalert.com/media/tigapics/4d57a5ca-2932-4017-a37a-2276d70529b5.jpg"" target=""_blank""><img src=""https://webserver.mosquitoalert.com/media/tigapics_popups/4d57a5ca-2932-4017-a37a-2276d70529b5.jpg""></a>', 'tiger_certainty_category': -2, 'aegypti_certainty_category': -2, 'score': -2, 'classification': 'none'}"
41.381863,2.1834846,2018-04-30 12:29:32.470000+00:00,"{'edited_user_notes': 'Nota experto: No se trata de un mosquito tigre ni de un mosquito de la fiebre amarilla. Seguramente se trata de un Culex, otra especie de mosquito más nocturno, aunque por la fotografía no se puede identificar correctamente. En www.mosquitoalert.com encontrarás trucos para reconocer estas especies y atrapar y fotografiar estos insectos. ¡Envía más fotos!', 'photo_html': '<a href=""https://webserver.mosquitoalert.com/media/tigapics/c7f9af8e-c649-4bdc-9c4a-a13a813c6f02.jpg"" target=""_blank""><img src=""https://webserver.mosquitoalert.com/media/tigapics_popups/c7f9af8e-c649-4bdc-9c4a-a13a813c6f02.jpg""></a>', 'tiger_certainty_category': -2, 'aegypti_certainty_category': -2, 'score': -2, 'classification': 'none'}"
43.4588508605957,-3.81998586654663,2018-08-09 22:57:05.763000+00:00,"{'edited_user_notes': 'Esta foto parece ser de otra especie de mosquito, pusiblemente un Culex, ya que no se parece ni al mosquito tigre ni al mosquito de la fiebre amarilla. En www.mosquitoalert.com encontrarás trucos para reconocer estas especies y atrapar y fotografiar estos insectos. ¡Envía más fotos!', 'photo_html': '<a href=""https://webserver.mosquitoalert.com/media/tigapics/905563cd-319b-4207-a679-e784c40a6b1f.jpg"" target=""_blank""><img src=""https://webserver.mosquitoalert.com/media/tigapics_popups/905563cd-319b-4207-a679-e784c40a6b1f.jpg""></a>', 'tiger_certainty_category': -2, 'aegypti_certainty_category': -2, 'score': -2, 'classification': 'none'}"
38.92093,-6.344075,2018-03-27 18:03:47.430000+00:00,"{'edited_user_notes': 'Nota experto: Definitivamente no se trata de un Aedes. Probablemente se trate de un Culex, debido a su coloración parduzca, pero es dificil clasificarlos con esta fotografía. Gracias por tu colaboración!', 'photo_html': '<a href=""https://webserver.mosquitoalert.com/media/tigapics/74c2895a-8189-4973-93f1-40beacc7888f.jpg"" target=""_blank""><img src=""https://webserver.mosquitoalert.com/media/tigapics_popups/74c2895a-8189-4973-93f1-40beacc7888f.jpg""></a>', 'tiger_certainty_category': -2, 'aegypti_certainty_category': -2, 'score': -2, 'classification': 'none'}"
41.28431,2.0972493,2018-12-01 13:03:42.580000+00:00,"{'edited_user_notes': 'Esta foto parece ser de otra especie de mosquito, ya que no se parece ni al mosquito tigre ni al mosquito de la fiebre amarilla. No es Culex pipiens como nos sugiere la persona comunicante, sino probablemente más bien un Aedes caspius o detritus, que son típicos de esta zona, aunque en esta época ya no debería encontrárseles. En www.mosquitoalert.com encontrarás trucos para reconocer estas especies y atrapar y fotografiar estos insectos. ¡Envía más fotos!', 'photo_html': '<a href=""https://webserver.mosquitoalert.com/media/tigapics/586a7ab7-1bfc-4b1d-8de5-69a853c580dc.jpg"" target=""_blank""><img src=""https://webserver.mosquitoalert.com/media/tigapics_popups/586a7ab7-1bfc-4b1d-8de5-69a853c580dc.jpg""></a>', 'tiger_certainty_category': -2, 'aegypti_certainty_category': -2, 'score': -2, 'classification': 'none'}"
38.091774,-1.1659352,2018-11-20 11:11:43.210000+00:00,"{'edited_user_notes': 'Esta foto es de un Culex, una especie común de mosquito, diferente del mosquito tigre o el mosquito de la fiebre amarilla. En www.mosquitoalert.com encontrarás trucos para reconocer estas especies y atrapar y fotografiar estos insectos. ¡Envía más fotos!', 'photo_html': '<a href=""https://webserver.mosquitoalert.com/media/tigapics/1d252601-1d7d-4b0a-b1fc-619681e16819.jpg"" target=""_blank""><img src=""https://webserver.mosquitoalert.com/media/tigapics_popups/1d252601-1d7d-4b0a-b1fc-619681e16819.jpg""></a>', 'tiger_certainty_category': -2, 'aegypti_certainty_category': -2, 'score': -2, 'classification': 'none'}"
-34.622364,-68.32089,2018-09-22 13:33:34.570000+00:00,"{'edited_user_notes': 'Con esta foto no podemos identificar ninguna especie, ya que el mosquito de lado y no se reconocen las características típicas del mosquito tigre. No estamos muy familiarizados con los mosquitos Argentinos pero de ser una especie de aquí, la inscribiríamos probablemente en el género Culex, seguramente el mosquito común. Un saludo !', 'photo_html': '<a href=""https://webserver.mosquitoalert.com/media/tigapics/d2cad4f5-ada6-4ff2-8b80-1bf234dac2fa.jpg"" target=""_blank""><img src=""https://webserver.mosquitoalert.com/media/tigapics_popups/d2cad4f5-ada6-4ff2-8b80-1bf234dac2fa.jpg""></a>', 'tiger_certainty_category': -1, 'aegypti_certainty_category': -1, 'score': -1, 'classification': 'none'}"
37.158424,-3.577336,2015-11-11 20:00:31.410000+00:00,"{'edited_user_notes': 'Nota experto: No tiene las típicas rayas plancas en las patas ni en el abdomen. Podría tratarse de un Culex pipiens, aunque tampoco se aprecia muy bien en la foto. Gracias por participar!', 'photo_html': '<a href=""https://webserver.mosquitoalert.com/media/tigapics/619d7963-4537-4227-8b4a-b2cc28aac841.JPG"" target=""_blank""><img src=""https://webserver.mosquitoalert.com/media/tigapics_popups/619d7963-4537-4227-8b4a-b2cc28aac841.JPG""></a>', 'tiger_certainty_category': -1, 'aegypti_certainty_category': -1, 'score': -1, 'classification': 'none'}"
39.540802,-0.542545,2015-09-27 21:01:00.280000+00:00,"{'edited_user_notes': 'Nota experta: es un mosquito, efectivamente, pero de otra especie. Puede pertenecer a Culex o a Aedes pero no podemos decir más. Gracias por contribuir!', 'photo_html': '<a href=""https://webserver.mosquitoalert.com/media/tigapics/f846dd88-b001-43cd-8e13-7b54ba7130bd.jpg"" target=""_blank""><img src=""https://webserver.mosquitoalert.com/media/tigapics_popups/f846dd88-b001-43cd-8e13-7b54ba7130bd.jpg""></a>', 'tiger_certainty_category': -2, 'aegypti_certainty_category': -2, 'score': -2, 'classification': 'none'}"
42.319622,3.026059,2015-11-08 09:54:58.316000+00:00,"{'edited_user_notes': 'Nota Experto: No se trata de un mosquito tigre, sino de otra especie, Culex pipiens probablemente (especie autóctona y muy común). Gracias por el aporte! Excelente imagen!', 'photo_html': '<a href=""https://webserver.mosquitoalert.com/media/tigapics/3c47ebb5-8d3c-4525-bcb5-b477597c06df.png"" target=""_blank""><img src=""https://webserver.mosquitoalert.com/media/tigapics_popups/3c47ebb5-8d3c-4525-bcb5-b477597c06df.png""></a>', 'tiger_certainty_category': -3, 'aegypti_certainty_category': -3, 'score': -3, 'classification': 'none'}"
37.335,-6.034072,2015-09-28 06:55:57.580000+00:00,"{'edited_user_notes': 'Nota experta: Por lo que se puede ver, y teniendo en cuenta que el color de la foto es muy amarillento, podría ser un Culex, probablemente Cx. pipiens, pero muy probablemente no un mosquito tigre.', 'photo_html': '<a href=""https://webserver.mosquitoalert.com/media/tigapics/2238b020-283f-47b5-ae16-a440d6d7e7aa.jpg"" target=""_blank""><img src=""https://webserver.mosquitoalert.com/media/tigapics_popups/2238b020-283f-47b5-ae16-a440d6d7e7aa.jpg""></a>', 'tiger_certainty_category': -1, 'aegypti_certainty_category': -1, 'score': -1, 'classification': 'none'}"
41.36309,2.056451,2015-12-16 13:12:34.333000+00:00,"{'edited_user_notes': 'Nota experto: Probablemente se trate de un Culex sp., pero es complicado identificarlo con esta foto. Pero seguro que no es un mosquito tigre. Gracias por colaborar!', 'photo_html': '<a href=""https://webserver.mosquitoalert.com/media/tigapics/981d3636-1ea2-4839-9bc9-90c3ced377a4.jpg"" target=""_blank""><img src=""https://webserver.mosquitoalert.com/media/tigapics_popups/981d3636-1ea2-4839-9bc9-90c3ced377a4.jpg""></a>', 'tiger_certainty_category': -2, 'aegypti_certainty_category': -2, 'score': -2, 'classification': 'none'}"
43.257866,-2.9315622,2015-11-03 20:09:49.800000+00:00,"{'edited_user_notes': 'Nota experto: Se trata de otra especie de mosquito, posiblemente Culex pipiens. Pero muchas gracias por participar, ya que de esa zona tenemos pocos informes!', 'photo_html': '<a href=""https://webserver.mosquitoalert.com/media/tigapics/729daf3a-c24d-419d-b17c-312215240b7f.jpg"" target=""_blank""><img src=""https://webserver.mosquitoalert.com/media/tigapics_popups/729daf3a-c24d-419d-b17c-312215240b7f.jpg""></a>', 'tiger_certainty_category': -2, 'aegypti_certainty_category': -2, 'score': -2, 'classification': 'none'}"
36.66697,-4.545584,2015-10-04 10:39:05.240000+00:00,"{'edited_user_notes': 'Nota experta: Puede que sea un Culex laticinctus, en cualquier caso con seguridad no se trata de un mosquito tigre. Gracias por el hallazgo, que no es muy habitual!', 'photo_html': '<a href=""https://webserver.mosquitoalert.com/media/tigapics/25a078d8-e8db-49d9-b204-adc62500ebac.jpg"" target=""_blank""><img src=""https://webserver.mosquitoalert.com/media/tigapics_popups/25a078d8-e8db-49d9-b204-adc62500ebac.jpg""></a>', 'tiger_certainty_category': -2, 'aegypti_certainty_category': -2, 'score': -2, 'classification': 'none'}"
28.4109,-16.325722,2015-11-19 10:37:36.470000+00:00,"{'edited_user_notes': 'Nota expero: con seguridad no se trata de un mosquito tigre. Apostaríamos quizá por un mosquito común Culex pipiens, pero es arriesgado decirlo sólo sobre esta imagen. Gracias!', 'photo_html': '<a href=""https://webserver.mosquitoalert.com/media/tigapics/32ba5cb7-3cb1-4733-be0f-1ec7b2dbbcb4.jpg"" target=""_blank""><img src=""https://webserver.mosquitoalert.com/media/tigapics_popups/32ba5cb7-3cb1-4733-be0f-1ec7b2dbbcb4.jpg""></a>', 'tiger_certainty_category': -2, 'aegypti_certainty_category': -2, 'score': -2, 'classification': 'none'}"
43.01623,-3.596444,2015-10-10 09:11:31.323000+00:00,"{'edited_user_notes': 'Nota experto: Se trata posiblemente de un Culex. El mosquito tigre es muy negro, y este es parduzco. Además, es más pequeño que este mosquito. Pero gracias por estar atentos y mandar esta foto!', 'photo_html': '<a href=""https://webserver.mosquitoalert.com/media/tigapics/2165f48f-d474-4b5d-8cb2-b2b487da07a1.jpg"" target=""_blank""><img src=""https://webserver.mosquitoalert.com/media/tigapics_popups/2165f48f-d474-4b5d-8cb2-b2b487da07a1.jpg""></a>', 'tiger_certainty_category': -2, 'aegypti_certainty_category': -2, 'score': -2, 'classification': 'none'}"
